{"cameraMode":{"drawMode":0,"name":"Shaded","section":"Shading Mode"},"sceneLighting":true,"audioPlay":false,"sceneViewState":{"showFog":true,"showMaterialUpdate":false,"showSkybox":true,"showFlares":true,"showImageEffects":true,"showParticleSystems":true},"in2DMode":false,"pivot":{"x":-3.2800729274749758,"y":-0.6579710245132446,"z":2.36331844329834},"rotation":{"x":-0.1495315432548523,"y":0.2549372911453247,"z":-0.03993885591626167,"w":-0.954490602016449},"size":6.639410495758057,"orthographic":false}